item,parent,label,original_point_cloud_count,minimal_bounding_box_volume,mesh_volume,date_created,user
root,
Stones,root
GuberNaturSteine,Stones
BatchA6,GuberNaturSteine
f0fd33f7-c1d8-4235-9384-5eaf27cc56b4,BatchA6,,323954,0.029571788968089145,0.012931547929014922,2021-09-07T20:23:36Z,broyet
8c88f16d-0017-4fd5-a955-50deb00278f7,BatchA6,,244479,0.027497624885746454,0.0092317357387590171,2021-09-07T20:24:05Z,broyet
8f776d49-54ab-4d0a-82b3-4bae45a1f94a,BatchA6,,245632,0.02622750325302084,0.010955302513673696,2021-09-07T20:24:35Z,broyet
42bd6be6-540f-47f5-8ebb-5ab55a621f83,BatchA6,,207533,0.027768719803571641,0.010503721215586195,2021-09-07T20:24:59Z,broyet
4b32ca28-daf3-40db-bfe0-4c8ae7a60e76,BatchA6,,390157,0.039190844387426489,0.018114778963342442,2021-09-07T20:25:47Z,broyet
c819d899-3474-47bf-b444-6e7084c7b509,BatchA6,,71691,0.0073084993362410944,0.0027776244034557859,2021-09-07T20:25:56Z,broyet
9f0e44b1-2d0b-4eb7-91b7-0cf8ed7a4106,BatchA6,,287348,0.020584692324986307,0.0082581363227301786,2021-09-07T20:26:28Z,broyet
ea1ad59d-043f-4a8c-b2f3-3107b9e4ecd2,BatchA6,,393989,0.038099547411100547,0.015417461800735383,2021-09-07T20:27:15Z,broyet
4b65b086-28ab-4407-8357-128e7bae7f3c,BatchA6,,395232,0.034994472641308685,0.013679218331247986,2021-09-07T20:27:54Z,broyet
bb6ad8ab-d26d-4cc3-8722-aeb9108bf6df,BatchA6,,279138,0.027554051337925562,0.012670974699823095,2021-09-07T20:28:23Z,broyet
86c055ee-81c3-425e-b2d5-ef6ae9c9a003,BatchA6,,251521,0.023769320899099861,0.011701710009176511,2021-09-07T20:28:54Z,broyet
1de6d3b9-213b-47e8-bb5d-2d714639d21a,BatchA6,,121485,0.010656602561651256,0.0042457016388481291,2021-09-07T20:29:09Z,broyet
e439b192-445b-459e-be74-eb7aeb79b709,BatchA6,,236747,0.046936802900721844,0.014478530142602926,2021-09-07T20:29:35Z,broyet
9fecc4a6-12ed-439a-a2a8-e059599e9f0f,BatchA6,,362439,0.042457637175663511,0.023323960263404612,2021-09-07T20:30:20Z,broyet
9f33c8f3-cbd5-40b1-8ff8-d2ed5632592c,BatchA6,,136306,0.015925558909281386,0.0050930815302733671,2021-09-07T20:30:35Z,broyet
79ca8e6f-f04e-4fab-bdf6-07d1e89b05f0,BatchA6,,133686,0.016425901627052732,0.0067471990470422795,2021-09-07T20:30:51Z,broyet
053ab060-8d51-492b-8192-0e6b59d3017f,BatchA6,,168814,0.01423729958365331,0.0059250122875456777,2021-09-07T20:31:09Z,broyet
bf11c10e-98ec-4395-a0d6-6ee7102c3d6f,BatchA6,,196348,0.021314340170962863,0.010809353091283558,2021-09-07T20:31:33Z,broyet
a4e44ab7-bad7-4f8e-90ab-739daff9b86b,BatchA6,,124711,0.010358650450352291,0.0040775169102683665,2021-09-07T20:31:47Z,broyet
6575761c-969b-4a54-9c2d-aa382ba4fd74,BatchA6,,431576,0.052840615106973764,0.02646409934843125,2021-09-07T20:32:36Z,broyet
BatchA9,GuberNaturSteine
8a0caa2f-effb-4e7b-9485-7f244e2ad976,BatchA9,,53897,0.0042649322780709768,0.0020293071349675607,2021-09-06T09:59:53Z,broyet
4d4f4561-dbec-4b0d-a876-6f5df39a1a92,BatchA9,,114982,0.010476966696415273,0.0053043482578294734,2021-09-06T10:00:03Z,broyet
3edc1afd-4a38-4676-8593-fce2bdf9c01e,BatchA9,,68863,0.0056248342447837605,0.0028559403014178767,2021-09-06T10:00:10Z,broyet
482be7ca-23e6-4149-add5-50a2db640c28,BatchA9,,74414,0.0070232506737306069,0.0033005298338975291,2021-09-06T10:00:17Z,broyet
d94d1531-d983-4ba2-b158-5c46774f52eb,BatchA9,,52291,0.0041088901441482589,0.0017176925255558599,2021-09-06T10:00:23Z,broyet
29803335-c540-4868-926e-6b6ca88f11b0,BatchA9,,38947,0.0032748321178716279,0.0016480607446453085,2021-09-06T10:00:27Z,broyet
45d32d60-eb84-4881-aa50-57b62a2da63e,BatchA9,,102608,0.011895316368821912,-0.0044259879564445027,2021-09-06T10:00:36Z,broyet
f10cfc4f-a0d7-49ca-96bc-700f40fd011b,BatchA9,,195793,0.028703676702974523,-0.0082506732293497458,2021-09-06T10:00:54Z,broyet
0e508008-3341-414e-9200-4774d046ddba,BatchA9,,42801,0.0039501531958425597,0.0014431007966413752,2021-09-06T10:00:58Z,broyet
b76670c0-dc29-4107-8cdc-e7f903f29c24,BatchA9,,93891,0.0077314069550603022,0.0045120466111973527,2021-09-06T10:01:08Z,broyet
b47b0e96-4593-4fcc-82df-4f79cd829aad,BatchA9,,127789,0.010860104328089041,0.0049418312878049273,2021-09-06T10:01:20Z,broyet
9df3ec3a-b776-40e8-aeae-6287e8cb204f,BatchA9,,140813,0.014469986695198949,0.0063827468421434677,2021-09-06T10:01:32Z,broyet
3a824b28-d81d-42a4-9a31-1544be162066,BatchA9,,54979,0.0040079462899998532,0.0020931383785380191,2021-09-06T10:01:38Z,broyet
e4890253-6406-4c00-b69f-f944ff07e74d,BatchA9,,56867,0.0068800208409973288,0.0027092888018436672,2021-09-06T10:01:44Z,broyet
7a2e6d2d-0429-4688-b37b-5479d00425be,BatchA9,,151162,0.016416807758755932,0.0047020694988758631,2021-09-06T10:01:57Z,broyet
14d5c4e6-89af-404c-90ab-9187c525cb8c,BatchA9,,59040,0.0077017976386889271,0.0033277714679314403,2021-09-06T10:02:03Z,broyet
20969b36-9ead-4014-8c85-cb69cf9ff225,BatchA9,,110326,0.0068034009887587236,0.0039484808653049569,2021-09-06T10:02:13Z,broyet
869dfd42-ce72-4c70-9346-c1438fe4d09f,BatchA9,,76130,0.0048779034166558091,0.0023963554850882259,2021-09-06T10:02:21Z,broyet
50daac25-a232-4471-80a2-4cce834742c1,BatchA9,,55267,0.0042885295708648737,0.0019273927640272111,2021-09-06T10:02:27Z,broyet
3ffddd3c-acd0-4b47-b40b-751001e7fa94,BatchA9,,47781,0.0031056426770984373,0.001120473176430648,2021-09-06T10:02:31Z,broyet
b97959ee-af9e-4c4d-b43a-777f253efcc8,BatchA9,,73789,0.005783341033520825,0.0028502949737552546,2021-09-06T10:02:39Z,broyet
db2c1089-01ca-4ded-bdb1-bf31d0163063,BatchA9,,61118,0.0059886626122531705,0.0027010561453691732,2021-09-06T10:02:45Z,broyet
de80f300-8af5-4274-8192-aefd555f64fb,BatchA9,,69138,0.0089248664508427659,0.0042363134783850748,2021-09-06T10:02:52Z,broyet
5cfd7461-eed1-4c03-a24b-beaf11127236,BatchA9,,90328,0.008469158839668138,0.0048755230447084597,2021-09-06T10:03:01Z,broyet
eea964dc-ed42-46fc-aa0c-2cb4caa24a9f,BatchA9,,124735,0.017050417576116021,0.0064879633532902272,2021-09-06T10:03:12Z,broyet
7507b739-68e6-49ea-b6a3-8f2ec17ce3df,BatchA9,,62828,0.0043263433765690354,0.0023247559828991422,2021-09-06T10:03:18Z,broyet
0c8ba893-7a5e-47b8-a62d-ced867ab103f,BatchA9,,76057,0.0073937512309434914,0.0033643188847633254,2021-09-06T10:03:26Z,broyet
d730e80c-49f3-4a55-af31-de0e39407f50,BatchA9,,117619,0.012122116133049268,0.0047806342471057783,2021-09-06T10:03:39Z,broyet
ee55a81e-f85a-4ff9-99ac-08c9c3269359,BatchA9,,76479,0.0081931729515446576,0.0037153056142855225,2021-09-06T10:03:46Z,broyet
dd6aa3cd-b844-48da-b2c4-283a864ee472,BatchA9,,113127,0.010486638361472619,0.0041780541771358369,2021-09-06T10:03:56Z,broyet
6a3c548e-1d05-4a32-be9f-8462ac7ca6ab,BatchA9,,69571,0.004782650422906533,0.0031447904045586975,2021-09-06T10:04:04Z,broyet
8d605348-1d50-4df6-a26e-3a76e9145640,BatchA9,,34693,0.0055852816586747477,0.002592956640618491,2021-09-06T10:04:08Z,broyet
e6395041-7bab-48f3-9dcd-9effec5fc281,BatchA9,,68610,0.0053075117167822412,0.0031098460897612339,2021-09-06T10:04:15Z,broyet
b7f052c4-3b85-4d35-a281-658df02455a8,BatchA9,,49814,0.0054554341549270394,0.0023612355869763479,2021-09-06T10:04:20Z,broyet
c8bcaed8-4eb2-4428-a8b7-0f3ff201bd90,BatchA9,,31127,0.0059601840488651857,0.002592869250149483,2021-09-06T10:04:24Z,broyet
b3f20910-59bf-4e96-8f83-3ffa60ce5854,BatchA9,,74982,0.0050584080581688486,0.0025960249091750583,2021-09-06T10:04:31Z,broyet
83f739bf-1ee2-4f32-8451-76a30cbc9560,BatchA9,,48663,0.0039233228033635865,0.0022234519696139239,2021-09-06T10:04:37Z,broyet
d605c196-b17b-4c24-a953-a3b2c1dd9195,BatchA9,,68317,0.0081697911047837884,0.0032265502232899077,2021-09-06T10:04:44Z,broyet
181c6b0c-248e-4d0b-b2d8-d2100773aeb7,BatchA9,,51262,0.0027327455984626587,0.0015565200009823579,2021-09-06T10:04:49Z,broyet
388d7b76-7bc6-480d-9817-cbce24b8c0da,BatchA9,,60044,0.0053464406863056599,0.0026912271197894826,2021-09-06T10:04:55Z,broyet
BatchA5,GuberNaturSteine
0534f1c1-da40-4d71-b95c-de532af0fa13,BatchA5,,42584,0.0012613393011606266,0.00067357809111874513,2021-09-03T19:32:33Z,broyet
10531d21-f81b-4d68-accd-735152fdab08,BatchA5,,40058,0.0011790331731690801,0.00047588994658231558,2021-09-03T19:32:38Z,broyet
eb7047ab-d83b-4451-90f8-28c0396f5e18,BatchA5,,37492,0.0008309677900873154,0.00047559941180067418,2021-09-03T19:32:43Z,broyet
073ac15d-8ad2-4758-9c8c-5f8339b97edb,BatchA5,,25988,0.00068448348678504906,0.00042043446624825991,2021-09-03T19:32:47Z,broyet
daa1a5e2-3175-416e-8740-c49bbd30b06c,BatchA5,,27374,0.0010351188972124161,0.00060327892459284148,2021-09-03T19:32:51Z,broyet
65a70f70-bb46-46ad-8dca-e20524466c0a,BatchA5,,30070,0.0009240256805127182,0.00052186213240580735,2021-09-03T19:32:55Z,broyet
698de5c1-300a-430d-918e-7faa63a7f479,BatchA5,,22887,0.00057476409332803244,0.00032799985664283223,2021-09-03T19:32:59Z,broyet
b68b3457-1afb-41c8-85e0-d67c57e872e2,BatchA5,,38004,0.0012854090944042316,0.00051167634333249121,2021-09-03T19:33:04Z,broyet
81ce408e-4085-4ec8-a93c-a93d7d2964c9,BatchA5,,13205,0.000475913863443396,0.00020930042321092948,2021-09-03T19:33:06Z,broyet
7f7708b2-4f9e-497a-b89b-98091cf75e42,BatchA5,,21157,0.00080366613330897017,0.00037190709619190496,2021-09-03T19:33:10Z,broyet
c422e551-5330-4c33-ab8d-a5530bd29c0c,BatchA5,,28491,0.0015421197274582347,0.00076925062462981973,2021-09-03T19:33:14Z,broyet
780d8381-d2d0-4b14-ae76-c9558baf8452,BatchA5,,44790,0.0014069401940212953,0.00078841738061059743,2021-09-03T19:33:20Z,broyet
d5b193a4-ad54-4843-b536-6ed2c029f84b,BatchA5,,33431,0.001340106764932887,0.00058473771912617104,2021-09-03T19:33:25Z,broyet
7ee7942c-bb01-4b77-b81a-c4fd4e0c3f6d,BatchA5,,89044,0.003965052794781816,0.0018473796560656798,2021-09-03T19:33:34Z,broyet
058b6182-4ad4-4893-bf93-030a18af0061,BatchA5,,72380,0.0041274417045303073,0.0018256330170194352,2021-09-03T19:33:42Z,broyet
88737428-61dc-4152-9aee-c44a8f095e14,BatchA5,,49528,0.0026070857397184326,0.0013160994419742023,2021-09-03T19:33:48Z,broyet
bc5740c3-d0e9-4669-88a5-8cd696bb79b0,BatchA5,,71024,0.0041416278508440846,0.0016416255673463839,2021-09-03T19:33:56Z,broyet
ddea19bc-d1d1-43cc-a7f2-2fbc3acea917,BatchA5,,19500,0.00071786015586863979,0.00025194250587226558,2021-09-03T19:33:59Z,broyet
fef1bae4-3669-45d0-aed6-89075bc81f13,BatchA5,,32047,0.0009855518523142026,0.00055412231593724196,2021-09-03T19:34:03Z,broyet
59fb2d6e-000d-46c5-a90b-4be2a1a3e6da,BatchA5,,28386,0.0010535452979003042,0.00061962667959272624,2021-09-03T19:34:07Z,broyet
bd29e1e9-2035-4d63-9eb7-f6539344e1db,BatchA5,,28991,0.0013856352818977845,0.00046543199282087812,2021-09-03T19:34:11Z,broyet
1765ab00-0c71-437d-8b2d-adf129913814,BatchA5,,42355,0.0012344011250185571,0.00069298262522902532,2021-09-03T19:34:16Z,broyet
bb831111-81fd-41d6-9b7f-3d114fdf0ae0,BatchA5,,20106,0.00073861835475938324,0.00045751829918531337,2021-09-03T19:34:20Z,broyet
33ac3eee-da62-4bb1-8b93-7b081d1a5e01,BatchA5,,18123,0.00056092041406672992,0.00030769708979816988,2021-09-03T19:34:23Z,broyet
c53b62ab-cb4c-4757-9d5a-439cde854a46,BatchA5,,20210,0.00092463147392472149,0.00034615687685266261,2021-09-03T19:34:26Z,broyet
6186dc50-c6ca-48c0-8dbf-d5ccd0ad7111,BatchA5,,21790,0.00089999810720147919,0.00052117554955618596,2021-09-03T19:34:30Z,broyet
90bd3789-4767-4347-951a-ae95b084639a,BatchA5,,29551,0.00087831370833275977,0.00054777679171910882,2021-09-03T19:34:34Z,broyet
e26336aa-cc78-48be-9776-46b86e1dca30,BatchA5,,18167,0.00076604376045259141,0.00042398676334816111,2021-09-03T19:34:37Z,broyet
8fe767a1-f99d-4c16-9790-b20d312ff000,BatchA5,,21287,0.00088282638610917086,0.00043676503222255084,2021-09-03T19:34:40Z,broyet
3504fc91-2f68-4f98-9ff2-0de142f89942,BatchA5,,24337,0.001137497568137888,0.00058214641932274587,2021-09-03T19:34:44Z,broyet
26c21010-3e5f-4e3f-9d1d-f2c5561b316f,BatchA5,,17705,0.001310003365441028,0.00050630517587290714,2021-09-03T19:34:46Z,broyet
d5ddde03-53d4-452e-8043-8aa729151dc3,BatchA5,,28787,0.0012965977598110921,0.00078098502708368652,2021-09-03T19:34:51Z,broyet
e0dbde0b-9c0f-4b29-bc30-186462be013b,BatchA5,,18583,0.00093647745640400054,0.00038720233633398856,2021-09-03T19:34:54Z,broyet
bad79333-8a1e-4bfc-a210-968d2b64a179,BatchA5,,57667,0.0037808337585541574,0.0018212517021866145,2021-09-03T19:35:00Z,broyet
e564809b-a8d0-4b34-bf74-24a6ea49007a,BatchA5,,32725,0.0011074239649912151,0.00053448199813873178,2021-09-03T19:35:05Z,broyet
8bf89da9-87db-4d33-892f-239d0e0ffbad,BatchA5,,28596,0.00074775882469690935,0.00037632413482040808,2021-09-03T19:35:09Z,broyet
4e487eaa-166b-4c71-a8d0-b74f98645daf,BatchA5,,70671,0.0017170310294757009,0.00095889951792525123,2021-09-03T19:35:17Z,broyet
367e6dab-e795-43f6-b2e9-16934e2bed13,BatchA5,,51555,0.0024896498421739716,0.0010249548739086013,2021-09-03T19:35:23Z,broyet
219076a9-eb2c-4937-b940-7c930cec1d10,BatchA5,,23061,0.00090952767196284933,0.00041685561326829627,2021-09-03T19:35:27Z,broyet
5f3e0ec5-26dc-4f7b-b054-26f7a4766441,BatchA5,,77060,0.0031053504363839253,0.0015645807241093095,2021-09-03T19:35:35Z,broyet
BatchA3,GuberNaturSteine
813b0dec-f81f-4225-9000-00c542b4138c,BatchA3,,190227,0.0097963292296859555,0.0044177403830167094,2021-09-03T19:05:27Z,broyet
841f6afd-daab-4d23-9017-0fd09434bc73,BatchA3,,46784,0.0019969601857755225,-0.00081802704853109161,2021-09-03T19:05:32Z,broyet
532fb195-6700-4061-a401-5cc037971e66,BatchA3,,69059,0.0035542851649766325,0.0019340574391504542,2021-09-03T19:05:40Z,broyet
f5801f3b-b873-404d-a4b1-37438d491463,BatchA3,,146639,0.0093100104498256165,0.0038315659275509686,2021-09-03T19:06:00Z,broyet
6f781fe2-7d16-4de9-99e4-6f21e44dd032,BatchA3,,33263,0.0021378698076389459,0.001128286470339286,2021-09-03T19:06:05Z,broyet
79349738-bb44-4970-8e33-8f9a13a3fe71,BatchA3,,103770,0.0043727426850042597,0.0021069862324207145,2021-09-03T19:06:17Z,broyet
2e16b7f1-93cc-4c55-8339-8570f2758283,BatchA3,,132170,0.0058639264310722675,-0.0027147409900569173,2021-09-03T19:06:39Z,broyet
80454550-8e2c-4e3a-bd45-2127025c6176,BatchA3,,70447,0.0040737792128784627,0.0011237017147555926,2021-09-03T19:06:49Z,broyet
edca1fa1-9010-4b9e-8001-fcf440a264db,BatchA3,,171992,0.0063836584722239869,0.003725059754308294,2021-09-03T19:07:11Z,broyet
1a545ce8-c974-47a6-97c6-a1c60bb2f60d,BatchA3,,83636,0.0063069331996772312,0.0031379047654901807,2021-09-03T19:07:24Z,broyet
dcc9809b-37ea-4b5a-bb35-9a2e96e272a0,BatchA3,,193445,0.0091857963416075005,0.0031710338214050618,2021-09-03T19:07:46Z,broyet
aca8bd7c-66cc-4811-a358-00708d0cbfdc,BatchA3,,52810,0.0031086869717671666,0.0011765286554823399,2021-09-03T19:07:53Z,broyet
45034ec7-8a74-46e6-83f6-2305b3ba6a9d,BatchA3,,238885,0.0094573994165127566,0.0050519267049485752,2021-09-03T19:08:22Z,broyet
dd85cd22-27b1-4319-b5cc-ce005473daf2,BatchA3,,104249,0.007278282143199837,0.00315140367404298,2021-09-03T19:08:35Z,broyet
f5e623fd-f67d-4e30-bd75-ca28afda8415,BatchA3,,174469,0.010697907649325933,0.0055846915766639129,2021-09-03T19:08:56Z,broyet
118e4bf4-1600-4435-aef9-150c8a36d084,BatchA3,,168598,0.0057277123712089987,0.0024043928843670696,2021-09-03T19:09:15Z,broyet
ca8feb11-9bb1-4820-a632-cd9ff8aafc41,BatchA3,,156198,0.0065314452528319016,0.0033953098652250856,2021-09-03T19:09:33Z,broyet
78c6c9a7-28b7-457e-9455-f1abf0b535ed,BatchA3,,243756,0.0073128676718184661,0.0044620489299763881,2021-09-03T19:09:57Z,broyet
2eb084d2-5ed8-4b63-b4ef-a942f85957c4,BatchA3,,143591,0.0088959780641667766,0.0048314023134787771,2021-09-03T19:10:16Z,broyet
6637771b-2414-463f-a133-6999e86a8d5d,BatchA3,,164666,0.0091778258599077272,0.0053663668931443545,2021-09-03T19:10:39Z,broyet
7e6ac0a2-1b2b-48e8-ab38-c4b4ca700309,BatchA3,,115311,0.0031329097813326975,0.0015902683423003052,2021-09-03T19:10:52Z,broyet
8dc59436-e40f-4f3e-ae7a-d1259b25a6f7,BatchA3,,128413,0.004529011486693206,0.002627505651326511,2021-09-03T19:11:06Z,broyet
e97c839f-3154-4332-b96b-976b73368da6,BatchA3,,69964,0.0023585503753818012,0.0012654188384281222,2021-09-03T19:11:13Z,broyet
f13e97ba-74e5-46d9-8c7b-3ade6f1034d2,BatchA3,,61038,0.0014182121199806117,0.0007779666122000534,2021-09-03T19:11:20Z,broyet
01135618-66ea-4c44-898b-6686e95ff45b,BatchA3,,35424,0.0022009988671111117,-0.0012158395414154763,2021-09-03T19:11:25Z,broyet
4bfc7f8a-5393-4756-ade5-4506fe194ce2,BatchA3,,63852,0.0021694302998477907,0.0011645289725980754,2021-09-03T19:11:32Z,broyet
0429fa91-d399-4656-bf34-5be4ac71cdbe,BatchA3,,262929,0.008598094019436309,0.0066357771380761883,2021-09-03T19:12:02Z,broyet
ad5d88e7-8fd0-4e27-9ae0-74bf28e4e64f,BatchA3,,141861,0.0045385937063596752,0.0024022349577947403,2021-09-03T19:12:19Z,broyet
40ee38c0-1823-47b7-bd6c-41fbc2dc0b32,BatchA3,,73468,0.0022099858785718184,-0.0010814052539023374,2021-09-03T19:12:27Z,broyet
548470ac-ce36-499a-bd76-503a3fe9e0ac,BatchA3,,160839,0.0060881201164715909,0.0035849339101316781,2021-09-03T19:12:46Z,broyet
3e1e2b7d-c900-450e-8f3c-5035440f2fb0,BatchA3,,175622,0.0065575163226593994,0.0039980635565087007,2021-09-03T19:13:04Z,broyet
94d68f4d-5a61-4ec0-a573-41babc3403c6,BatchA3,,79388,0.002445521335779429,0.0013758316969016294,2021-09-03T19:13:13Z,broyet
4ecf4ff9-4a78-40be-a48e-e65efc0bc234,BatchA3,,218769,0.0073389558180681144,0.0044601295713103334,2021-09-03T19:13:38Z,broyet
312e3b1a-a0d2-47cd-8138-3840ef9b82a5,BatchA3,,68958,0.0042637271446847634,0.0017731336434944258,2021-09-03T19:13:46Z,broyet
de8bfbf4-c4e3-480b-896b-e056dc7ab29b,BatchA3,,63861,0.0022456005605340002,0.0013251121796486935,2021-09-03T19:13:54Z,broyet
ced4f73a-857f-4301-866f-e7513b357256,BatchA3,,97135,0.0029659673013066002,0.0014424675024637262,2021-09-03T19:14:04Z,broyet
3b9b553e-b879-42c0-afd8-428085f68fd3,BatchA3,,68306,0.0040286368866913145,0.0017754773476063683,2021-09-03T19:14:13Z,broyet
d025f7d4-dbe6-4813-b176-d919ca456f67,BatchA3,,89176,0.0022190840891250178,0.0012796155369295163,2021-09-03T19:14:23Z,broyet
13275c09-db48-476d-84c6-6e72f7fcb6d4,BatchA3,,165071,0.0055149063301844726,0.0031089419249155019,2021-09-03T19:14:40Z,broyet
1095eccd-9648-4410-870c-6c66177b90ed,BatchA3,,247357,0.0066125978189278114,0.0038630201178305418,2021-09-03T19:15:11Z,broyet
BatchA1,GuberNaturSteine
6440ef78-34ac-45de-9da7-1cf472d919f1,BatchA1,,52948,0.0053926341531376097,0.0025603625036625445,2021-09-03T18:47:44Z,broyet
06de2805-5872-4f6a-a8dd-8a85b3cb6325,BatchA1,,71598,0.012576791732096363,-0.0047631449192378468,2021-09-03T18:47:52Z,broyet
90f80fc0-2a97-4fbc-9984-408405e9987b,BatchA1,,50825,0.0079611202163634778,0.0026421076413351788,2021-09-03T18:47:58Z,broyet
2b1ca373-9a13-496d-8203-acab1e1d8f07,BatchA1,,84565,0.012963300060839204,0.0064248669676467383,2021-09-03T18:48:11Z,broyet
c99e08c7-5324-480f-a686-e7d71f10166d,BatchA1,,46356,0.017695603203562577,0.005898844373143205,2021-09-03T18:48:17Z,broyet
88631b63-394b-44c1-a270-50474316d16f,BatchA1,,75188,0.013263579977541198,0.0047709617245279686,2021-09-03T18:48:26Z,broyet
fb656487-f4db-4693-8534-5d4af4fb2a78,BatchA1,,72167,0.018516829651132487,0.0068257562070921582,2021-09-03T18:48:38Z,broyet
cf55309b-b2e4-4f63-8892-e7f436307829,BatchA1,,42366,0.0068536346759559526,0.0024690588664866755,2021-09-03T18:48:46Z,broyet
ba5c138c-7d28-4a1d-b683-0e088f6c7a16,BatchA1,,34767,0.0083932862157438479,0.0022278544960353769,2021-09-03T18:48:53Z,broyet
5839c31a-8def-441f-a2eb-07ee19c5b765,BatchA1,,52254,0.012302504069186794,0.0043930209717156559,2021-09-03T18:49:06Z,broyet
17610b70-e6cc-4870-9b01-84527d0b9fe0,BatchA1,,37385,0.011805742992918313,0.0039914942122790181,2021-09-03T18:49:15Z,broyet
34ef4ea1-f98a-4eea-93ca-9cf0a5f5d1bd,BatchA1,,39233,0.0096032553836911169,0.0029654083180236383,2021-09-03T18:49:23Z,broyet
952543d1-cf26-4552-ad5d-85ed76029916,BatchA1,,70413,0.012278996030878139,0.0054414276209482889,2021-09-03T18:49:35Z,broyet
9a2e1dbf-8366-4cff-9013-bbb024259b91,BatchA1,,34832,0.0043008719004790997,0.0018059122051523307,2021-09-03T18:49:42Z,broyet
db3fa5b3-be2d-40c8-bbef-61d46c95a0f1,BatchA1,,83241,0.0080211549546476048,0.0046915893889685071,2021-09-03T18:49:58Z,broyet
03c4570d-ec78-4974-99ed-bc953235fc27,BatchA1,,60670,0.01179310938579351,0.0050351736166883709,2021-09-03T18:50:13Z,broyet
8f513813-2f7c-4d8a-acdd-e1f1a02d7196,BatchA1,,58256,0.01015920086854117,0.0039033242804139803,2021-09-03T18:50:25Z,broyet
80ef3c07-e8a9-4422-8dea-3ecc66d80473,BatchA1,,76689,0.0095227663663234492,0.0058067394198581526,2021-09-03T18:50:40Z,broyet
9a9c7995-3fa9-4336-aeb9-4e02b3e748a3,BatchA1,,42601,0.0094293405797043987,0.0036564029204217367,2021-09-03T18:50:47Z,broyet
936ff752-b3ab-4e1a-a4ab-27dd2aad3db3,BatchA1,,65500,0.022060027467992172,0.0064900232331952584,2021-09-03T18:51:01Z,broyet
28234502-c23a-4895-b42e-d766f614605d,BatchA1,,124496,0.011508124999011134,0.0045676909981543327,2021-09-03T18:51:26Z,broyet
cdf7dec7-ee48-4059-911f-f9ae0b2e62dd,BatchA1,,87921,0.0095146281195284173,0.0043549567242696608,2021-09-03T18:51:40Z,broyet
cfab7df7-7edd-409f-bb5d-11ed4cd4d1b2,BatchA1,,88149,0.016059695147514323,0.0065297632186715887,2021-09-03T18:51:57Z,broyet
917c7745-a47b-43f4-993b-739341058855,BatchA1,,70159,0.01362814082298321,0.0046498045099476158,2021-09-03T18:52:16Z,broyet
ff256f53-0a38-4fd6-bd63-cc975f104ece,BatchA1,,114877,0.016069916621953242,-0.0043664341599948782,2021-09-03T18:52:35Z,broyet
3b834a17-9424-41b1-badf-bd917eb6ae1a,BatchA1,,156226,0.020005904406486748,0.0075106373843510437,2021-09-03T18:53:03Z,broyet
8fda6945-9247-45b6-a860-3618e7c144c6,BatchA1,,55678,0.0051345388073253473,-0.0018180233573481322,2021-09-03T18:53:14Z,broyet
ec4f3530-05b3-4362-9a5f-152e045ff6ea,BatchA1,,86961,0.011730635220034657,0.0037553444623292572,2021-09-03T18:53:33Z,broyet
cceef357-88ce-4d44-b475-e26e36007f20,BatchA1,,79856,0.012207919247878458,-0.0034317025992146883,2021-09-03T18:53:47Z,broyet
641a21ac-c174-4e88-acf4-3bba7be0343e,BatchA1,,155414,0.020896822358549071,0.0070799426719337982,2021-09-03T18:54:15Z,broyet
ad229103-23ae-452a-8773-3d0dff5fbd66,BatchA1,,60176,0.0096944286095248279,0.0031738898418019984,2021-09-03T18:54:25Z,broyet
ef340214-b751-46c7-9132-f88523909cb0,BatchA1,,139684,0.012526852357819652,0.0060974960536734797,2021-09-03T18:54:54Z,broyet
95c22fb7-f685-4977-8a8f-39ea540f0ff9,BatchA1,,133781,0.01502050451143328,0.0048698673136491474,2021-09-03T18:55:16Z,broyet
d7c55134-73ba-4e16-a358-70e28063bf6b,BatchA1,,111145,0.013583130401996926,0.0073994705276069,2021-09-03T18:55:33Z,broyet
3613ee1f-7fc7-48fb-bf5d-212d49877142,BatchA1,,117280,0.011083560482086464,0.0054211798381663193,2021-09-03T18:55:51Z,broyet
BatchA2,GuberNaturSteine
6d567c09-f53d-4cd9-840b-1161557d62a7,BatchA2,,255182,0.027511707059556609,0.013812744942233184,2021-09-03T18:37:29Z,broyet
c8829431-b112-4e02-8ec4-691e43e3fa6b,BatchA2,,260025,0.033877528527886995,0.011760004026348178,2021-09-03T18:37:53Z,broyet
a8f88e5e-9d32-4a4e-aba2-b762ffe6e0d9,BatchA2,,341603,0.043635092639809636,0.019409894596965162,2021-09-03T18:38:25Z,broyet
738f74d1-7c2d-422b-8b33-598ed99a0e37,BatchA2,,248314,0.025622257647202488,0.012581917551842353,2021-09-03T18:38:47Z,broyet
8201280b-5a6a-4e18-8d51-90955663d3b2,BatchA2,,295779,0.033874005296029422,0.014003346611676334,2021-09-03T18:39:15Z,broyet
de26c97d-9b29-42ea-9138-10c2da36d6cc,BatchA2,,319509,0.040881313520037231,0.0178292707772666,2021-09-03T18:39:43Z,broyet
9275863d-f4a3-46f4-9ff1-10b08ff91b73,BatchA2,,235435,0.031996737438707075,0.011929042195944713,2021-09-03T18:40:06Z,broyet
6ee27524-50cd-4603-8b57-eb66394ead22,BatchA2,,200358,0.028840882458657489,-0.010405086435000002,2021-09-03T18:40:25Z,broyet
96643e99-2bcc-471a-a42f-ba7f81fa112d,BatchA2,,293537,0.038495284932259212,0.011673405841912274,2021-09-03T18:40:52Z,broyet
1ba4ee97-6297-4fa3-be8a-b4583f78c4d0,BatchA2,,215431,0.025811783878328134,0.011119836503350177,2021-09-03T18:41:16Z,broyet
21c11652-eb39-4d3d-bc6c-ccab266e67bf,BatchA2,,266583,0.038002247414427842,0.016606222289295796,2021-09-03T18:41:41Z,broyet
fb84520b-e11d-4a79-aede-c70abb73d3ad,BatchA2,,331247,0.048402844156095422,0.022233531677756033,2021-09-03T18:42:12Z,broyet
0bdb3395-b060-482a-aee7-e45fa691c52f,BatchA2,,247082,0.037396305438774258,-0.013491296653187277,2021-09-03T18:42:34Z,broyet
d8e700b0-fe8e-4143-a890-444a8d36f91b,BatchA2,,212515,0.036072659024272105,-0.012855848206963822,2021-09-03T18:42:53Z,broyet
180f7a8f-57d1-48bb-9b00-dbd016d36b46,BatchA2,,200787,0.036733307756157026,0.013587478555631199,2021-09-03T18:43:11Z,broyet
868be226-5aa4-47b5-b01d-6f87868286a0,BatchA2,,269881,0.047795256113582256,0.019106848608042952,2021-09-03T18:43:36Z,broyet
f0e7e234-3a97-4e47-ae32-45ceda2d5f20,BatchA2,,323337,0.044223987079274635,0.015939449697442092,2021-09-03T18:44:04Z,broyet
7737f411-163c-4165-8695-9ede14d0d668,BatchA2,,204819,0.039794420830762824,0.014015334577652944,2021-09-03T18:44:21Z,broyet
11abf4e5-632b-4188-ae00-b335fccfa5b0,BatchA2,,150939,0.033593545331041398,0.011746933674143749,2021-09-03T18:44:35Z,broyet
Test,root
DemoBatch,Test
0001_dcb5338f-bc10-4aed-8c89-d4ac3cdb8c89,DemoBatch,0001,52948,0.0053926341531376097,0.0025603621919630497,2021-08-16T15:22:51Z,broyet
0002_bc8f221e-9a49-4f1c-8be6-70439f1c14c5,DemoBatch,0002,71598,0.012576791732096363,-0.0047631453494896749,2021-08-16T15:23:00Z,broyet
0003_ded116e3-f30c-4901-9463-e3d9f6409b22,DemoBatch,0003,50825,0.0079611202163634778,0.0026421088073334746,2021-08-16T15:23:06Z,broyet
0004_8fa422ad-f947-405f-8725-893e35bb311b,DemoBatch,0004,84565,0.012963300060839204,0.0064248651050817082,2021-08-16T15:23:18Z,broyet
